letreiro_linha,posicao_atual_lat,posicao_atual_lon,id_onibus
4313-10,-23.568138,-46.503944,2172
8000-10,-23.529974,-46.674493,396
917H-10,-23.529602,-46.704173,1860
